Id,Pred
2016_1112_1114,0.5354908352913719
2016_1112_1122,0.9170822414600148
2016_1112_1124,0.5402659193588455
2016_1112_1138,0.8242456824641823
2016_1112_1139,0.6533407293028125
2016_1112_1143,0.6196297914137802
2016_1112_1151,0.6524700732552051
2016_1112_1153,0.592616708615123
2016_1112_1160,0.7084318142260002
2016_1112_1163,0.6610969084249657
2016_1112_1167,0.7804120509384579
2016_1112_1173,0.6153301247598066
2016_1112_1181,0.5889912465382068
2016_1112_1192,0.9402350996615028
2016_1112_1195,0.8849754190330816
2016_1112_1201,0.8258698175666394
2016_1112_1211,0.5804496854357987
2016_1112_1214,0.8702309513943941
2016_1112_1218,0.6270321827087292
2016_1112_1221,0.933593314447079
2016_1112_1231,0.493849100726477
2016_1112_1233,0.8048405774664279
2016_1112_1234,0.6433513476822381
2016_1112_1235,0.5750798648118656
2016_1112_1242,0.3134608752806904
2016_1112_1246,0.4769408747783606
2016_1112_1268,0.4752264780302068
2016_1112_1274,0.447483161277827
2016_1112_1276,0.737779354725186
2016_1112_1277,0.28590732551474923
2016_1112_1292,0.8506247238898101
2016_1112_1314,0.35389054875018144
2016_1112_1320,0.8084674082998589
2016_1112_1323,0.662709164927681
2016_1112_1328,0.38128613225139846
2016_1112_1332,0.38531478421976545
2016_1112_1333,0.7776661727267127
2016_1112_1338,0.6594795912693351
2016_1112_1344,0.6845465610960685
2016_1112_1345,0.4823002578954208
2016_1112_1355,0.7273354131145736
2016_1112_1371,0.604720458203129
2016_1112_1372,0.5853366221570058
2016_1112_1380,0.9024733424314964
2016_1112_1386,0.5870203213489954
2016_1112_1392,0.6468123865290967
2016_1112_1393,0.8125410137183874
2016_1112_1396,0.8275973037169062
2016_1112_1400,0.7045788879363718
2016_1112_1401,0.5804883788986357
2016_1112_1403,0.7145912951259944
2016_1112_1409,0.7475377901410191
2016_1112_1421,0.8258213278146598
2016_1112_1423,0.7508593869518749
2016_1112_1425,0.7382247889612434
2016_1112_1428,0.502989423472905
2016_1112_1433,0.7047214233553196
2016_1112_1435,0.7055099234220696
2016_1112_1437,0.2248009009834787
2016_1112_1438,0.389292514790567
2016_1112_1451,0.8036900760311945
2016_1112_1452,0.3543870217584832
2016_1112_1453,0.831696199648474
2016_1112_1455,0.5013836734010816
2016_1112_1458,0.6972956318071658
2016_1112_1462,0.3114575903732575
2016_1112_1463,0.6432986865628249
2016_1114_1122,0.8975414690593033
2016_1114_1124,0.503839661229767
2016_1114_1138,0.7931437416960467
2016_1114_1139,0.6148067082380436
2016_1114_1143,0.581848409559215
2016_1114_1151,0.6146439814470716
2016_1114_1153,0.5557125506511862
2016_1114_1160,0.6713765253747557
2016_1114_1163,0.6237424331438004
2016_1114_1167,0.7461595655716831
2016_1114_1173,0.5776356694311677
2016_1114_1181,0.55133950499239
2016_1114_1192,0.9246953698767667
2016_1114_1195,0.860678814745726
2016_1114_1201,0.794895626457787
2016_1114_1211,0.5426148667641599
2016_1114_1214,0.8438790946246997
2016_1114_1218,0.588263262532295
2016_1114_1221,0.9169446547699148
2016_1114_1231,0.45941011374777024
2016_1114_1233,0.7720983027948884
2016_1114_1234,0.6049094895937935
2016_1114_1235,0.5372659910754345
2016_1114_1242,0.29000555456840843
2016_1114_1246,0.44268382498618675
2016_1114_1268,0.4420287638848269
2016_1114_1274,0.4158058730731122
2016_1114_1276,0.7016436578734635
2016_1114_1277,0.26452843350856686
2016_1114_1292,0.8224117694982389
2016_1114_1314,0.32699273144159263
2016_1114_1320,0.7766810979166368
2016_1114_1323,0.6250625762618662
2016_1114_1328,0.3531117192738055
2016_1114_1332,0.356664564756493
2016_1114_1333,0.7433740393163141
2016_1114_1338,0.6222047752872981
2016_1114_1344,0.6462636682431312
2016_1114_1345,0.4482568553439419
2016_1114_1355,0.6907609078150011
2016_1114_1371,0.566751177267196
2016_1114_1372,0.5470065582353485
2016_1114_1380,0.8807135779846241
2016_1114_1386,0.5489673128984262
2016_1114_1392,0.608570497559673
2016_1114_1393,0.7809851207192494
2016_1114_1396,0.7970655135007017
2016_1114_1400,0.6674304415393881
2016_1114_1401,0.5426323065992515
2016_1114_1403,0.6775496654916977
2016_1114_1409,0.7114089516551926
2016_1114_1421,0.7947879209120363
2016_1114_1423,0.714679784156731
2016_1114_1425,0.7015601814216894
2016_1114_1428,0.46823318685324217
2016_1114_1433,0.6671150342196703
2016_1114_1435,0.6679961601070428
2016_1114_1437,0.20926612865957198
2016_1114_1438,0.36213670517803787
2016_1114_1451,0.7714403384413893
2016_1114_1452,0.3266518012594428
2016_1114_1453,0.8008888843444791
2016_1114_1455,0.4658843938809984
2016_1114_1458,0.6606403757553037
2016_1114_1462,0.2871612868797595
2016_1114_1463,0.6051059630569032
2016_1122_1124,0.10025070510105366
2016_1122_1138,0.29282002594784584
2016_1122_1139,0.1459720822849698
2016_1122_1143,0.13553507285413044
2016_1122_1151,0.15302473132910527
2016_1122_1153,0.12739143738267866
2016_1122_1160,0.18803773855726885
2016_1122_1163,0.16287300105500085
2016_1122_1167,0.2442954380785866
2016_1122_1173,0.13389260881289564
2016_1122_1181,0.11930579650881327
2016_1122_1192,0.5712086193955808
2016_1122_1195,0.40860742064170097
2016_1122_1201,0.2944768121452747
2016_1122_1211,0.11317679246837771
2016_1122_1214,0.36582217827016345
2016_1122_1218,0.13061310261646783
2016_1122_1221,0.5680647648452088
2016_1122_1231,0.08586720803318638
2016_1122_1233,0.2667869029874787
2016_1122_1234,0.1419684169322681
2016_1122_1235,0.11038180104602634
2016_1122_1242,0.041093884382523975
2016_1122_1246,0.07785181977075296
2016_1122_1268,0.08202762690120059
2016_1122_1274,0.07434855052658759
2016_1122_1276,0.21015647280585198
2016_1122_1277,0.03588662998353733
2016_1122_1292,0.3475934792545044
2016_1122_1314,0.04776614711281727
2016_1122_1320,0.29196502858001966
2016_1122_1323,0.16030775824350907
2016_1122_1328,0.05560300707810755
2016_1122_1332,0.055813814045069944
2016_1122_1333,0.24448689413539923
2016_1122_1338,0.16294330947728008
2016_1122_1344,0.16266516804943576
2016_1122_1345,0.0816688719755564
2016_1122_1355,0.20080182312091216
2016_1122_1371,0.1255714068731562
2016_1122_1372,0.11222764671586756
2016_1122_1380,0.46048868097593737
2016_1122_1386,0.11517004806402896
2016_1122_1392,0.14573425166575754
2016_1122_1393,0.2946005317413901
2016_1122_1396,0.3071824627950187
2016_1122_1400,0.18534621545681232
2016_1122_1401,0.11304371470778607
2016_1122_1403,0.19015604704326863
2016_1122_1409,0.21096282501194127
2016_1122_1421,0.2925251010842823
2016_1122_1423,0.2099950264108854
2016_1122_1425,0.20093173390548147
2016_1122_1428,0.08918450342335918
2016_1122_1433,0.1788510497390243
2016_1122_1435,0.18041262446437178
2016_1122_1437,0.027536889086949793
2016_1122_1438,0.06301600572922002
2016_1122_1451,0.282454525967887
2016_1122_1452,0.04553407479055903
2016_1122_1453,0.2897330311509707
2016_1122_1455,0.08441546700487033
2016_1122_1458,0.1897388149808294
2016_1122_1462,0.03818021158697322
2016_1122_1463,0.144426382993972
2016_1124_1138,0.79729684318892
2016_1124_1139,0.6142511220121445
2016_1124_1143,0.5803705416936702
2016_1124_1151,0.6142776966771272
2016_1124_1153,0.553450228800927
2016_1124_1160,0.6728131662323543
2016_1124_1163,0.6238038753119325
2016_1124_1167,0.7494728190302533
2016_1124_1173,0.5760257335391702
2016_1124_1181,0.5487738186473831
2016_1124_1192,0.9288887460886923
2016_1124_1195,0.8655902393539836
2016_1124_1201,0.7990646518130271
2016_1124_1211,0.5396955279144963
2016_1124_1214,0.848547005992642
2016_1124_1218,0.5867840242991154
2016_1124_1221,0.9215826211340641
2016_1124_1231,0.4538678323639504
2016_1124_1233,0.7758556789093057
2016_1124_1234,0.6040627302499901
2016_1124_1235,0.5341538590815812
2016_1124_1242,0.28059803124602156
2016_1124_1246,0.4365960210088048
2016_1124_1268,0.4359829939976905
2016_1124_1274,0.4089996859795701
2016_1124_1276,0.7039497428058997
2016_1124_1277,0.2548857667480602
2016_1124_1292,0.8272251868593089
2016_1124_1314,0.3181452908271412
2016_1124_1320,0.7809685076783515
2016_1124_1323,0.6250776334546242
2016_1124_1328,0.34474661720548977
2016_1124_1332,0.3483783081890321
2016_1124_1333,0.7466923060465234
2016_1124_1338,0.6222411763522286
2016_1124_1344,0.6466813209044197
2016_1124_1345,0.4423653254275347
2016_1124_1355,0.6927354862505495
2016_1124_1371,0.564689214072896
2016_1124_1372,0.5441621223630255
2016_1124_1380,0.8857071042338948
2016_1124_1386,0.5462425537701424
2016_1124_1392,0.6078947938376322
2016_1124_1393,0.7852943337292606
2016_1124_1396,0.8014739683841953
2016_1124_1400,0.6687480356978918
2016_1124_1401,0.5397100071373316
2016_1124_1403,0.6791123320098703
2016_1124_1409,0.7138003012756523
2016_1124_1421,0.7989175692224361
2016_1124_1423,0.7170654659764536
2016_1124_1425,0.7036274725040831
2016_1124_1428,0.46297220054774274
2016_1124_1433,0.6682545889146646
2016_1124_1435,0.6691884549917683
2016_1124_1437,0.1994334319544843
2016_1124_1438,0.3539414405523474
2016_1124_1451,0.7755525535757314
2016_1124_1452,0.31782554321655454
2016_1124_1453,0.8048949767748254
2016_1124_1455,0.46047894825797125
2016_1124_1458,0.6619896040676764
2016_1124_1462,0.2777876829487662
2016_1124_1463,0.604329838621847
2016_1138_1139,0.28671891145223904
2016_1138_1143,0.2646756825886474
2016_1138_1151,0.29370608811694016
2016_1138_1153,0.24780213124439757
2016_1138_1160,0.34951386991494415
2016_1138_1163,0.3066856284093081
2016_1138_1167,0.4343313283407594
2016_1138_1173,0.261591768549517
2016_1138_1181,0.23800317877753652
2016_1138_1192,0.7690283355103327
2016_1138_1195,0.6255910269548076
2016_1138_1201,0.5020267364540153
2016_1138_1211,0.2288147209701755
2016_1138_1214,0.585574973555364
2016_1138_1218,0.2617332785556337
2016_1138_1221,0.7601382301896867
2016_1138_1231,0.17607235850430342
2016_1138_1233,0.46693422578040217
2016_1138_1234,0.2791418184213012
2016_1138_1235,0.2242082831637447
2016_1138_1242,0.08853304335329137
2016_1138_1246,0.16290761973950538
2016_1138_1268,0.16749574408041254
2016_1138_1274,0.15265491135348958
2016_1138_1276,0.38297481577632386
2016_1138_1277,0.07789726237113748
2016_1138_1292,0.5581541013254373
2016_1138_1314,0.10321427128700716
2016_1138_1320,0.48919610151157
2016_1138_1323,0.3047009238324068
2016_1138_1328,0.11758664394111862
2016_1138_1332,0.11853703161429507
2016_1138_1333,0.4330251194683399
2016_1138_1338,0.30617377545195634
2016_1138_1344,0.31513056589548794
2016_1138_1345,0.16859919596764805
2016_1138_1355,0.36964263507700806
2016_1138_1371,0.24943476345040802
2016_1138_1372,0.22910398182090805
2016_1138_1380,0.6722884194485783
2016_1138_1386,0.2328711351431487
2016_1138_1392,0.28424783833453976
2016_1138_1393,0.4937205129946963
2016_1138_1396,0.5128810844219693
2016_1138_1400,0.345350800243312
2016_1138_1401,0.22867669671322532
2016_1138_1403,0.35411446257344537
2016_1138_1409,0.3882672797963916
2016_1138_1421,0.500479744196248
2016_1138_1423,0.38896103997727505
2016_1138_1425,0.3746621108632966
2016_1138_1428,0.1820032049853197
2016_1138_1433,0.3391306795469161
2016_1138_1435,0.34097286867611337
2016_1138_1437,0.05904281148629984
2016_1138_1438,0.12801730643854983
2016_1138_1451,0.478870075239091
2016_1138_1452,0.10040373512382196
2016_1138_1453,0.5021624217036194
2016_1138_1455,0.17604036119162292
2016_1138_1458,0.3465499983927353
2016_1138_1462,0.084448970604513
2016_1138_1463,0.28170098406681277
2016_1139_1143,0.46710342378510233
2016_1139_1151,0.5026099689403712
2016_1139_1153,0.44169918705107686
2016_1139_1160,0.56619904376762
2016_1139_1163,0.5145374130102623
2016_1139_1167,0.6536741360392728
2016_1139_1173,0.46283252036613404
2016_1139_1181,0.4341509704655245
2016_1139_1192,0.8916081495592074
2016_1139_1195,0.8031182363454017
2016_1139_1201,0.7141756320985893
2016_1139_1211,0.423946594222447
2016_1139_1214,0.7784873989123214
2016_1139_1218,0.4701384951367033
2016_1139_1221,0.8829661124839626
2016_1139_1231,0.3440249878223783
2016_1139_1233,0.6848854727194419
2016_1139_1234,0.489456507257345
2016_1139_1235,0.4181779650784076
2016_1139_1242,0.1957531013153866
2016_1139_1246,0.3266355860957331
2016_1139_1268,0.3287792175722795
2016_1139_1274,0.30484940520750664
2016_1139_1276,0.6014008113741506
2016_1139_1277,0.17549445030804192
2016_1139_1292,0.7530799857896442
2016_1139_1314,0.22494869071595677
2016_1139_1320,0.6955841238949574
2016_1139_1323,0.5146318451228201
2016_1139_1328,0.2482642162550958
2016_1139_1332,0.2508263647209856
2016_1139_1333,0.6510590826963591
2016_1139_1338,0.5132373971203485
2016_1139_1344,0.534112823709041
2016_1139_1345,0.3331551820944674
2016_1139_1355,0.5882723121772114
2016_1139_1371,0.4498541238941583
2016_1139_1372,0.42697952435915576
2016_1139_1380,0.8317306647684238
2016_1139_1386,0.43010808941729817
2016_1139_1392,0.49425410429538674
2016_1139_1393,0.7004235697920785
2016_1139_1396,0.7192071541022353
2016_1139_1400,0.5616746554734091
2016_1139_1401,0.42389064584637953
2016_1139_1403,0.5725327675003303
2016_1139_1409,0.6107270384995379
2016_1139_1421,0.7136200664422713
2016_1139_1423,0.6134708354858511
2016_1139_1425,0.5982560658854122
2016_1139_1428,0.3526375064780432
2016_1139_1433,0.558985307782827
2016_1139_1435,0.5603610809959535
2016_1139_1437,0.13497675472859497
2016_1139_1438,0.2595817410862321
2016_1139_1451,0.6881646526046395
2016_1139_1452,0.22295474326767561
2016_1139_1453,0.7191201164737937
2016_1139_1455,0.3479776723871022
2016_1139_1458,0.5571962836125182
2016_1139_1462,0.19155890643093937
2016_1139_1463,0.49072405327220986
2016_1143_1151,0.5344552451945577
2016_1143_1153,0.47407073473039574
2016_1143_1160,0.5960837291456499
2016_1143_1163,0.5455682257549731
2016_1143_1167,0.6798707694585723
2016_1143_1173,0.4954353489916076
2016_1143_1181,0.4673782965693182
2016_1143_1192,0.9002417941414753
2016_1143_1195,0.8188837184363773
2016_1143_1201,0.736917542185411
2016_1143_1211,0.4575556499548209
2016_1143_1214,0.7966808060246293
2016_1143_1218,0.5036807689132322
2016_1143_1221,0.891677573307703
2016_1143_1231,0.3765440299781508
2016_1143_1233,0.7095594969099818
2016_1143_1234,0.5222708953891949
2016_1143_1235,0.4518872041066153
2016_1143_1242,0.2218266074687336
2016_1143_1246,0.359218543140651
2016_1143_1268,0.3606963628583027
2016_1143_1274,0.33606403683211705
2016_1143_1276,0.6298468167001287
2016_1143_1277,0.20003592395188866
2016_1143_1292,0.7723002839050204
2016_1143_1314,0.2532200334667359
2016_1143_1320,0.7182754095084481
2016_1143_1323,0.5460205825524613
2016_1143_1328,0.27750440675851845
2016_1143_1332,0.28032001787080446
2016_1143_1333,0.677183066373654
2016_1143_1338,0.5441984495582399
2016_1143_1344,0.5660376074834053
2016_1143_1345,0.36554748044257906
2016_1143_1355,0.6173810999834949
2016_1143_1371,0.48302354139049947
2016_1143_1372,0.46096126732893306
2016_1143_1380,0.8448845520798851
2016_1143_1386,0.4637810084413395
2016_1143_1392,0.5267488049410548
2016_1143_1393,0.7229739173383769
2016_1143_1396,0.7410116696496342
2016_1143_1400,0.5917269032972207
2016_1143_1401,0.4575193166479336
2016_1143_1403,0.6023825070800967
2016_1143_1409,0.6393485150827897
2016_1143_1421,0.7365110322591081
2016_1143_1423,0.6422731607091527
2016_1143_1425,0.6276555243951818
2016_1143_1428,0.3852481213769446
2016_1143_1433,0.5897548889608374
2016_1143_1435,0.5909832709434285
2016_1143_1437,0.15547694773031795
2016_1143_1438,0.28845680517180716
2016_1143_1451,0.7115341562667362
2016_1143_1452,0.2515440606167487
2016_1143_1453,0.742285216847217
2016_1143_1455,0.3811412566558726
2016_1143_1458,0.5865400655202558
2016_1143_1462,0.2178139513078332
2016_1143_1463,0.5232334330937629
2016_1151_1153,0.440275810148847
2016_1151_1160,0.5618817747467115
2016_1151_1163,0.5113886520512594
2016_1151_1167,0.6477722213980642
2016_1151_1173,0.4608450743789494
2016_1151_1181,0.4327977720517872
2016_1151_1192,0.8858256696188211
2016_1151_1195,0.7961743753411623
2016_1151_1201,0.7075595541715105
2016_1151_1211,0.4227847662480354
2016_1151_1214,0.7715692201984667
2016_1151_1218,0.4678620709628953
2016_1151_1221,0.8768418259279966
2016_1151_1231,0.34476408475577375
2016_1151_1233,0.6785750547984915
2016_1151_1234,0.48677853477893995
2016_1151_1235,0.4171373374392434
2016_1151_1242,0.19893944368963012
2016_1151_1246,0.32764475512876745
2016_1151_1268,0.32990810219991035
2016_1151_1274,0.3064844521897942
2016_1151_1276,0.5963838967145447
2016_1151_1277,0.17883361472856552
2016_1151_1292,0.7461367854554607
2016_1151_1314,0.22771694472186602
2016_1151_1320,0.6890864044431351
2016_1151_1323,0.5114525705654014
2016_1151_1328,0.2508114835523664
2016_1151_1332,0.2532956797186368
2016_1151_1333,0.6451926233403811
2016_1151_1338,0.5101269444309828
2016_1151_1344,0.530423133090151
2016_1151_1345,0.3341057273809629
2016_1151_1355,0.5835057207859129
2016_1151_1371,0.44812245764919534
2016_1151_1372,0.42569254992181194
2016_1151_1380,0.8249073570169413
2016_1151_1386,0.42879037423059096
2016_1151_1392,0.4914874514415774
2016_1151_1393,0.6938802488009387
2016_1151_1396,0.7125089218479211
2016_1151_1400,0.5574519377446914
2016_1151_1401,0.4227272963687012
2016_1151_1403,0.5680770019439305
2016_1151_1409,0.6055298902247848
2016_1151_1421,0.7070153991994895
2016_1151_1423,0.608221240132276
2016_1151_1425,0.5932817979906182
2016_1151_1428,0.35320080210153054
2016_1151_1433,0.5547896642444178
2016_1151_1435,0.5561416466095745
2016_1151_1437,0.13861592452324953
2016_1151_1438,0.2622364795061184
2016_1151_1451,0.6817672697631855
2016_1151_1452,0.22560368436847553
2016_1151_1453,0.712506475458164
2016_1151_1455,0.3485113409344589
2016_1151_1458,0.5531090084447727
2016_1151_1462,0.19459945108257717
2016_1151_1463,0.4880440316708258
2016_1153_1160,0.6197017608660463
2016_1153_1163,0.570091912747518
2016_1153_1167,0.70062500737702
2016_1153_1173,0.5212372639969605
2016_1153_1181,0.4937213045202319
2016_1153_1192,0.9075483189374682
2016_1153_1195,0.8317065529080109
2016_1153_1201,0.7550157086876574
2016_1153_1211,0.4842325055495222
2016_1153_1214,0.8113076344622223
2016_1153_1218,0.5302435227032243
2016_1153_1221,0.8991368576264456
2016_1153_1231,0.4024815211452766
2016_1153_1233,0.7291317538629352
2016_1153_1234,0.5482273860137475
2016_1153_1235,0.47865810005355924
2016_1153_1242,0.243005103287449
2016_1153_1246,0.38529344551225087
2016_1153_1268,0.38616048060860264
2016_1153_1274,0.3610160052115524
2016_1153_1276,0.6523461381490047
2016_1153_1277,0.22003981973790804
2016_1153_1292,0.7877744592684569
2016_1153_1314,0.27613148285208244
2016_1153_1320,0.7364022999757707
2016_1153_1323,0.5708278088955089
2016_1153_1328,0.301069262443185
2016_1153_1332,0.30410056187656387
2016_1153_1333,0.6978901192011674
2016_1153_1338,0.5686668372388906
2016_1153_1344,0.5912562668925972
2016_1153_1345,0.3914187041103052
2016_1153_1355,0.6403923747313293
2016_1153_1371,0.5093014626697321
2016_1153_1372,0.48794570985026137
2016_1153_1380,0.8557456638433836
2016_1153_1386,0.49050179495873936
2016_1153_1392,0.5524454261158823
2016_1153_1393,0.7409862613677328
2016_1153_1396,0.7584321579844064
2016_1153_1400,0.6154760813513485
2016_1153_1401,0.48421273952418653
2016_1153_1403,0.6259696341722836
2016_1153_1409,0.6619673101729495
2016_1153_1421,0.7547160899743158
2016_1153_1423,0.6650222504939602
2016_1153_1425,0.6508744633685576
2016_1153_1428,0.4112341503982262
2016_1153_1433,0.6140576392439303
2016_1153_1435,0.615171542309947
2016_1153_1437,0.17221794703241694
2016_1153_1438,0.31155668314611257
2016_1153_1451,0.7301653450311167
2016_1153_1452,0.27479596750971613
2016_1153_1453,0.7606579841760741
2016_1153_1455,0.4076352794999966
2016_1153_1458,0.6097446957985896
2016_1153_1462,0.23925220573092684
2016_1153_1463,0.548943907173433
2016_1160_1163,0.4498620248146499
2016_1160_1167,0.588324121907424
2016_1160_1173,0.39919924037275445
2016_1160_1181,0.37154447566690696
2016_1160_1192,0.8581608725677848
2016_1160_1195,0.7530618156986796
2016_1160_1201,0.6524659829928985
2016_1160_1211,0.361363291586406
2016_1160_1214,0.7238515218538019
2016_1160_1218,0.4040118742526704
2016_1160_1221,0.8487597705245633
2016_1160_1231,0.2893880359123568
2016_1160_1233,0.6207566058201085
2016_1160_1234,0.42322834229200706
2016_1160_1235,0.35583737774673607
2016_1160_1242,0.16005313996087783
2016_1160_1246,0.2729279782632761
2016_1160_1268,0.27632478459878324
2016_1160_1274,0.25518914296742456
2016_1160_1276,0.5351141309754239
2016_1160_1277,0.14292687057559972
2016_1160_1292,0.6969555864342685
2016_1160_1314,0.18432260096937292
2016_1160_1320,0.6348424060620524
2016_1160_1323,0.44922672209788567
2016_1160_1328,0.20506008330544745
2016_1160_1332,0.207010721175621
2016_1160_1333,0.5860189270233112
2016_1160_1338,0.44880887700067706
2016_1160_1344,0.4660467037781504
2016_1160_1345,0.2794527847976947
2016_1160_1355,0.5216309939683691
2016_1160_1371,0.38611715740088837
2016_1160_1372,0.3634049463896553
2016_1160_1380,0.7870053985350706
2016_1160_1386,0.3669147496501107
2016_1160_1392,0.4282800622857813
2016_1160_1393,0.6397261113244127
2016_1160_1396,0.6591474147739731
2016_1160_1400,0.495184493709169
2016_1160_1401,0.36127187832110974
2016_1160_1403,0.5056041003497173
2016_1160_1409,0.5434115650004355
2016_1160_1421,0.6516366362957725
2016_1160_1423,0.5455942354758799
2016_1160_1425,0.53028517499805
2016_1160_1428,0.2972569906948749
2016_1160_1433,0.4912632818668632
2016_1160_1435,0.492827608671527
2016_1160_1437,0.10996107526205386
2016_1160_1438,0.21683112029056045
2016_1160_1451,0.6264596945847024
2016_1160_1452,0.18169209079069829
2016_1160_1453,0.6563385149170771
2016_1160_1455,0.29176284139499126
2016_1160_1458,0.49247977414089017
2016_1160_1462,0.15545305146301133
2016_1160_1463,0.42500870302801386
2016_1163_1167,0.6335590283416374
2016_1163_1173,0.45027667301008806
2016_1163_1181,0.42289882590642075
2016_1163_1192,0.8757762163507729
2016_1163_1195,0.7829634170725298
2016_1163_1201,0.693174490647379
2016_1163_1211,0.4130399627952327
2016_1163_1214,0.7578079795722653
2016_1163_1218,0.45667918170185523
2016_1163_1221,0.8663611966116163
2016_1163_1231,0.33773604139102453
2016_1163_1233,0.6641529491344952
2016_1163_1234,0.47525072866826756
2016_1163_1235,0.40752517309277836
2016_1163_1242,0.1966210283043171
2016_1163_1246,0.3209516107045456
2016_1163_1268,0.32352439136698424
2016_1163_1274,0.3009191806382088
2016_1163_1276,0.5828357817508542
2016_1163_1277,0.17708740416465343
2016_1163_1292,0.7321674287344107
2016_1163_1314,0.22433123602206428
2016_1163_1320,0.6749424383222129
2016_1163_1323,0.4996259549246587
2016_1163_1328,0.2468993236047029
2016_1163_1332,0.24922416959293675
2016_1163_1333,0.6310537108576493
2016_1163_1338,0.498501678952529
2016_1163_1344,0.5177755889774444
2016_1163_1345,0.32738068379472673
2016_1163_1355,0.5701291524446849
2016_1163_1371,0.4377457120331693
2016_1163_1372,0.4156934155914672
2016_1163_1380,0.812470116359057
2016_1163_1386,0.4188273667063603
2016_1163_1392,0.47992385621673017
2016_1163_1393,0.6796989179890254
2016_1163_1396,0.6982641166222538
2016_1163_1400,0.5445724161875237
2016_1163_1401,0.4129756912744633
2016_1163_1403,0.5549323352554634
2016_1163_1409,0.5916790697997097
2016_1163_1421,0.6926048706151351
2016_1163_1423,0.5942462210726466
2016_1163_1425,0.57953651086602
2016_1163_1428,0.34592436827969036
2016_1163_1433,0.5417580983346524
2016_1163_1435,0.5431164070633173
2016_1163_1437,0.13823878740637383
2016_1163_1438,0.2585355299627338
2016_1163_1451,0.667588858429725
2016_1163_1452,0.22199745116543498
2016_1163_1453,0.6979822536738823
2016_1163_1455,0.3410661481200023
2016_1163_1458,0.5405999183002098
2016_1163_1462,0.19206260577496806
2016_1163_1463,0.47659103045760404
2016_1167_1173,0.3161409749635097
2016_1167_1181,0.29034777371610293
2016_1167_1192,0.8108967364037126
2016_1167_1195,0.6831263360130846
2016_1167_1201,0.5674162106204146
2016_1167_1211,0.2805117074319592
2016_1167_1214,0.6473288882127043
2016_1167_1218,0.3180426682358831
2016_1167_1221,0.8014992515511583
2016_1167_1231,0.21918650923172034
2016_1167_1233,0.532996828739657
2016_1167_1234,0.33664460130715235
2016_1167_1235,0.2754245255799046
2016_1167_1242,0.11437376944197196
2016_1167_1246,0.20441433079445276
2016_1167_1268,0.20875853680896583
2016_1167_1274,0.19123505270890043
2016_1167_1276,0.44633724500429933
2016_1167_1277,0.10121335659149888
2016_1167_1292,0.6195065501993097
2016_1167_1314,0.13275674634414789
2016_1167_1320,0.5521448570748594
2016_1167_1323,0.3630695412824313
2016_1167_1328,0.14979896380392185
2016_1167_1332,0.1511148435568143
2016_1167_1333,0.4979264626835506
2016_1167_1338,0.36384268256457336
2016_1167_1344,0.3762803588152817
2016_1167_1345,0.2105985769214589
2016_1167_1355,0.43262083715115035
2016_1167_1371,0.30328480308581246
2016_1167_1372,0.2814494258041745
2016_1167_1380,0.7246932758971016
2016_1167_1386,0.28524198205422735
2016_1167_1392,0.34187383199677807
2016_1167_1393,0.5569285754728218
2016_1167_1396,0.576635940310053
2016_1167_1400,0.40685556028540965
2016_1167_1401,0.28038634281763464
2016_1167_1403,0.41650668592133977
2016_1167_1409,0.4530070460274886
2016_1167_1421,0.5661561718743023
2016_1167_1423,0.45433882252116387
2016_1167_1425,0.4392604287482628
2016_1167_1428,0.22599673830857694
2016_1167_1433,0.4014013681823675
2016_1167_1435,0.40317965404444
2016_1167_1437,0.07711047792446844
2016_1167_1438,0.16108129470526747
2016_1167_1451,0.5424542642871683
2016_1167_1452,0.12987609725207894
2016_1167_1453,0.569246220433278
2016_1167_1455,0.21998819386469967
2016_1167_1458,0.4065116662495937
2016_1167_1462,0.10993561305547163
2016_1167_1463,0.33897839450497114
2016_1173_1181,0.47194512242287173
2016_1173_1192,0.8998916069737161
2016_1173_1195,0.8192094743997459
2016_1173_1201,0.738328792722728
2016_1173_1211,0.46224975803704077
2016_1173_1214,0.7973631802606754
2016_1173_1218,0.5079988253129453
2016_1173_1221,0.8912309641766709
2016_1173_1231,0.38172754486234506
2016_1173_1233,0.7113353056291527
2016_1173_1234,0.5263446111660681
2016_1173_1235,0.4566389961995365
2016_1173_1242,0.22698931844530318
2016_1173_1246,0.36452237401485665
2016_1173_1268,0.3659226694956685
2016_1173_1274,0.34136922021046434
2016_1173_1276,0.6325414539517038
2016_1173_1277,0.2050395738830269
2016_1173_1292,0.7731079961384144
2016_1173_1314,0.2585522036344589
2016_1173_1320,0.7196975656003596
2016_1173_1323,0.5497121255352927
2016_1173_1328,0.2828756183812219
2016_1173_1332,0.28570426908804375
2016_1173_1333,0.6792906645874398
2016_1173_1338,0.5478428951514585
2016_1173_1344,0.5696601350282126
2016_1173_1345,0.37079118540150113
2016_1173_1355,0.6202489091321077
2016_1173_1371,0.4874565597577661
2016_1173_1372,0.46567537921109
2016_1173_1380,0.8448719419527899
2016_1173_1386,0.468433486393894
2016_1173_1392,0.5307435974367648
2016_1173_1393,0.724364952960116
2016_1173_1396,0.7422583558646845
2016_1173_1400,0.5948976817611636
2016_1173_1401,0.4622161834571716
2016_1173_1403,0.6054543858257118
2016_1173_1409,0.6420210449591544
2016_1173_1421,0.73794817775476
2016_1173_1423,0.6449595617318981
2016_1173_1425,0.6305106288584379
2016_1173_1428,0.3903807652952515
2016_1173_1433,0.5930461009267929
2016_1173_1435,0.5942444290852987
2016_1173_1437,0.1599925188045975
2016_1173_1438,0.29377286621880755
2016_1173_1451,0.7130848465150067
2016_1173_1452,0.25689926205884245
2016_1173_1453,0.7437667886022881
2016_1173_1455,0.38636279878548657
2016_1173_1458,0.589638886146448
2016_1173_1462,0.22297519761456427
2016_1173_1463,0.5272575502233088
2016_1181_1192,0.9123659277794853
2016_1181_1195,0.8384047624654823
2016_1181_1201,0.7626266896937528
2016_1181_1211,0.4901217893810751
2016_1181_1214,0.818335328476396
2016_1181_1218,0.5368693427163448
2016_1181_1221,0.9042564269312904
2016_1181_1231,0.40683968919747543
2016_1181_1233,0.7368754980269927
2016_1181_1234,0.5550176670250648
2016_1181_1235,0.48447685040777844
2016_1181_1242,0.24437174615044607
2016_1181_1246,0.38945204303128117
2016_1181_1268,0.39013376001286615
2016_1181_1274,0.3644887702168482
2016_1181_1276,0.6599693809604295
2016_1181_1277,0.22101697671709966
2016_1181_1292,0.7950781430050025
2016_1181_1314,0.27820836148337413
2016_1181_1320,0.7440472762189124
2016_1181_1323,0.577755626622529
2016_1181_1328,0.30349201589000746
2016_1181_1332,0.30662586457856006
2016_1181_1333,0.7056471371948678
2016_1181_1338,0.5755009711111828
2016_1181_1344,0.5985514376701218
2016_1181_1345,0.3955964354004745
2016_1181_1355,0.6479607566147684
2016_1181_1371,0.5155207071741461
2016_1181_1372,0.49397070129324117
2016_1181_1380,0.8619798545479969
2016_1181_1386,0.49650672821354425
2016_1181_1392,0.5592518607499879
2016_1181_1393,0.7486213100728236
2016_1181_1396,0.7659937102994285
2016_1181_1400,0.6228588012161417
2016_1181_1401,0.4901056896493325
2016_1181_1403,0.6334561044662576
2016_1181_1409,0.6696911302234683
2016_1181_1421,0.7623344648381095
2016_1181_1423,0.6727867311954212
2016_1181_1425,0.6585740565890299
2016_1181_1428,0.4157388625088959
2016_1181_1433,0.6215052308204391
2016_1181_1435,0.622615699997694
2016_1181_1437,0.17225123838804635
2016_1181_1438,0.31385066641201986
2016_1181_1451,0.7378417755487879
2016_1181_1452,0.27701670353074714
2016_1181_1453,0.7682657263980087
2016_1181_1455,0.4122390494361332
2016_1181_1458,0.6169730112673061
2016_1181_1462,0.24076276621886528
2016_1181_1463,0.5556975827500447
2016_1192_1195,0.3388836829621092
2016_1192_1201,0.23362181919035724
2016_1192_1211,0.08321691604575412
2016_1192_1214,0.2976686208044171
2016_1192_1218,0.09664554141431374
2016_1192_1221,0.4994399801525956
2016_1192_1231,0.06238331701478812
2016_1192_1233,0.20939695035403152
2016_1192_1234,0.10588904973987381
2016_1192_1235,0.08099486310161892
2016_1192_1242,0.028808842237316144
2016_1192_1246,0.05608410654255553
2016_1192_1268,0.05957615937898465
2016_1192_1274,0.053751829560752376
2016_1192_1276,0.1621144157930082
2016_1192_1277,0.025007950855468086
2016_1192_1292,0.28281098560399115
2016_1192_1314,0.0336216781082854
2016_1192_1320,0.23342879903555566
2016_1192_1323,0.12123566538541271
2016_1192_1328,0.03953165401723726
2016_1192_1332,0.03964479685599366
2016_1192_1333,0.1909488145022566
2016_1192_1338,0.12374527793028758
2016_1192_1344,0.12226828101320049
2016_1192_1345,0.05913393086371677
2016_1192_1355,0.1542241963878079
2016_1192_1371,0.09307941079349373
2016_1192_1372,0.08226141657903263
2016_1192_1380,0.3898104415783536
2016_1192_1386,0.08471860817479397
2016_1192_1392,0.10904666692291393
2016_1192_1393,0.2355050331945282
2016_1192_1396,0.24589072582729357
2016_1192_1400,0.14155023013415166
2016_1192_1401,0.08310221690287996
2016_1192_1403,0.14531583822197508
2016_1192_1409,0.16213818804404911
2016_1192_1421,0.2317199320836976
2016_1192_1423,0.1609960446751843
2016_1192_1425,0.1535940868180934
2016_1192_1428,0.06495320207519782
2016_1192_1433,0.13566532473051007
2016_1192_1435,0.13702803190065616
2016_1192_1437,0.01907891953787084
2016_1192_1438,0.04542943476896894
2016_1192_1451,0.22469622403750777
2016_1192_1452,0.03184759614344703
2016_1192_1453,0.22819708377954054
2016_1192_1455,0.0610150151171261
2016_1192_1458,0.14599055879614076
2016_1192_1462,0.02654268561587061
2016_1192_1463,0.1080450399099038
2016_1195_1201,0.376316762377025
2016_1195_1211,0.1538163659178847
2016_1195_1214,0.45609395816282455
2016_1195_1218,0.17715558738907386
2016_1195_1221,0.6547993425468497
2016_1195_1231,0.11709322211483503
2016_1195_1233,0.3444085518129523
2016_1195_1234,0.19111164664892286
2016_1195_1235,0.1502913927872519
2016_1195_1242,0.05701405761197879
2016_1195_1246,0.10704071584976396
2016_1195_1268,0.11160175002449052
2016_1195_1274,0.10132412278468109
2016_1195_1276,0.27495203966924425
2016_1195_1277,0.049927608812337085
2016_1195_1292,0.43310335907574277
2016_1195_1314,0.06640037464641622
2016_1195_1320,0.36961640706834464
2016_1195_1323,0.21281816358249164
2016_1195_1328,0.07662876850358435
2016_1195_1332,0.07706520054080462
2016_1195_1333,0.316654885165657
2016_1195_1338,0.2152006690513572
2016_1195_1344,0.21798863725621678
2016_1195_1345,0.11165649956916535
2016_1195_1355,0.2637289689021829
2016_1195_1371,0.16951844185960452
2016_1195_1372,0.15319263979762926
2016_1195_1380,0.5516361667369526
2016_1195_1386,0.15657058177622077
2016_1195_1392,0.19552427753910906
2016_1195_1393,0.37311217853185547
2016_1195_1396,0.3888778879385253
2016_1195_1400,0.24442497698329296
2016_1195_1401,0.15367373139939264
2016_1195_1403,0.2508437724722059
2016_1195_1409,0.2773939730692471
2016_1195_1421,0.3744313032254054
2016_1195_1423,0.27696675791376296
2016_1195_1425,0.2655816004337972
2016_1195_1428,0.12139863582907404
2016_1195_1433,0.23768650189896037
2016_1195_1435,0.23942658986291962
2016_1195_1437,0.03808289115167725
2016_1195_1438,0.08538460773931193
2016_1195_1451,0.3593668186357022
2016_1195_1452,0.06384487150612032
2016_1195_1453,0.3732691633968975
2016_1195_1455,0.11597315111335649
2016_1195_1458,0.24793000758296202
2016_1195_1462,0.053564433699317425
2016_1195_1463,0.19374072660409242
2016_1201_1211,0.227773129601567
2016_1201_1214,0.5830710693817983
2016_1201_1218,0.26047199762965456
2016_1201_1221,0.75790225181383
2016_1201_1231,0.1753748763063409
2016_1201_1233,0.4647043371717605
2016_1201_1234,0.27780718975022556
2016_1201_1235,0.2231881329292522
2016_1201_1242,0.08830056795362143
2016_1201_1246,0.1622562996082686
2016_1201_1268,0.16686685961529868
2016_1201_1274,0.15211361313390076
2016_1201_1276,0.3811429418272855
2016_1201_1277,0.07771203274654515
2016_1201_1292,0.5557560548200546
2016_1201_1314,0.10289281204774973
2016_1201_1320,0.4869962215364939
2016_1201_1323,0.3032838815833682
2016_1201_1328,0.11721302468664874
2016_1201_1332,0.11815016331984093
2016_1201_1333,0.4309620821816076
2016_1201_1338,0.3047829158004431
2016_1201_1344,0.3135764478175932
2016_1201_1345,0.16793821137573067
2016_1201_1355,0.3678679502755691
2016_1201_1371,0.24829001009978308
2016_1201_1372,0.22803417509396573
2016_1201_1380,0.6698432156523583
2016_1201_1386,0.23179927463693453
2016_1201_1392,0.2828999314075675
2016_1201_1393,0.491494250663274
2016_1201_1396,0.510563800130992
2016_1201_1400,0.34370605606633736
2016_1201_1401,0.22763457606325463
2016_1201_1403,0.3524093795321001
2016_1201_1409,0.3863646300547767
2016_1201_1421,0.49814001595505125
2016_1201_1423,0.3870314576926233
2016_1201_1425,0.3728082952025798
2016_1201_1428,0.18127546007375714
2016_1201_1433,0.3374720296747251
2016_1201_1435,0.3393118530619529
2016_1201_1437,0.05896072303686616
2016_1201_1438,0.1276529622316927
2016_1201_1451,0.47668615754895954
2016_1201_1452,0.10006864876747354
2016_1201_1453,0.499766298758068
2016_1201_1455,0.17530442892521608
2016_1201_1458,0.3449643786951477
2016_1201_1462,0.08420406505433349
2016_1201_1463,0.28037182245678494
2016_1211_1214,0.8263777136975701
2016_1211_1218,0.5469759800184756
2016_1211_1221,0.9095052089215587
2016_1211_1231,0.4150854375742965
2016_1211_1233,0.7464383249292746
2016_1211_1234,0.5651355458983677
2016_1211_1235,0.49401192979021685
2016_1211_1242,0.24935358992394932
2016_1211_1246,0.3975692182983609
2016_1211_1268,0.39798714466297547
2016_1211_1274,0.3718504982757958
2016_1211_1276,0.6700474529565213
2016_1211_1277,0.22546751168689236
2016_1211_1292,0.8035276932741713
2016_1211_1314,0.284086499102917
2016_1211_1320,0.7532934777250494
2016_1211_1323,0.5877668108090033
2016_1211_1328,0.30976314870228777
2016_1211_1332,0.3130206060991517
2016_1211_1333,0.7154639664436141
2016_1211_1338,0.5853827813958397
2016_1211_1344,0.608900346023013
2016_1211_1345,0.4036886322784535
2016_1211_1355,0.6580968160748657
2016_1211_1371,0.5252698707468293
2016_1211_1372,0.5037027268940817
2016_1211_1380,0.8687192742066012
2016_1211_1386,0.50617462403212
2016_1211_1392,0.5693344884802612
2016_1211_1393,0.7578316894655976
2016_1211_1396,0.7750144219606221
2016_1211_1400,0.6330036759903885
2016_1211_1401,0.49968311103299967
2016_1211_1403,0.6436421750411484
2016_1211_1409,0.6798515375189262
2016_1211_1421,0.771528224582852
2016_1211_1423,0.6829945822078908
2016_1211_1425,0.6688304428940123
2016_1211_1428,0.42410831730808024
2016_1211_1433,0.6317941658955305
2016_1211_1435,0.6328816200168268
2016_1211_1437,0.17532455276001827
2016_1211_1438,0.31992156831690166
2016_1211_1451,0.7472043260251073
2016_1211_1452,0.28308052006967993
2016_1211_1453,0.7774613708545792
2016_1211_1455,0.42078327627641043
2016_1211_1458,0.6269133931268671
2016_1211_1462,0.24591828294204973
2016_1211_1463,0.5657437923346378
2016_1214_1218,0.19718946275004196
2016_1214_1221,0.697175380128671
2016_1214_1231,0.12900286765145544
2016_1214_1233,0.3811674964259328
2016_1214_1234,0.21238327400376744
2016_1214_1235,0.16677500249596913
2016_1214_1242,0.06203372291159211
2016_1214_1246,0.11814761278135728
2016_1214_1268,0.12259504064662649
2016_1214_1274,0.11105890723061371
2016_1214_1276,0.3045052771954851
2016_1214_1277,0.054200907642475454
2016_1214_1292,0.47417424796637075
2016_1214_1314,0.07267499471458343
2016_1214_1320,0.4062503761312989
2016_1214_1323,0.23560656868557645
2016_1214_1328,0.08379707638293876
2016_1214_1332,0.08438782130851084
2016_1214_1333,0.35032145374792517
2016_1214_1338,0.2377007851083776
2016_1214_1344,0.24264905397214992
2016_1214_1345,0.1230061653076305
2016_1214_1355,0.29227590900548883
2016_1214_1371,0.18796255949613078
2016_1214_1372,0.1703307071541703
2016_1214_1380,0.5959510146421821
2016_1214_1386,0.17382297081871106
2016_1214_1392,0.21706348871874065
2016_1214_1393,0.4102412084000924
2016_1214_1396,0.4278116040871118
2016_1214_1400,0.27083025985955395
2016_1214_1401,0.17050256456732366
2016_1214_1403,0.2781898040373246
2016_1214_1409,0.30800016095182925
2016_1214_1421,0.41353344988226637
2016_1214_1423,0.30794947551604435
2016_1214_1425,0.295268700381318
2016_1214_1428,0.13376655124266587
2016_1214_1433,0.26414366534602113
2016_1214_1435,0.2659512700258856
2016_1214_1437,0.0408460971145356
2016_1214_1438,0.09272627364613727
2016_1214_1451,0.3955970971164065
2016_1214_1452,0.07016842369822526
2016_1214_1453,0.4133293296585748
2016_1214_1455,0.12827638365570626
2016_1214_1458,0.2735992250722885
2016_1214_1462,0.0585837538939543
2016_1214_1463,0.2150061235937153
2016_1218_1221,0.8948796286666187
2016_1218_1231,0.37009844984955625
2016_1218_1233,0.7103663480203948
2016_1218_1234,0.5187598320602598
2016_1218_1235,0.44680550477089304
2016_1218_1242,0.21419754502541305
2016_1218_1246,0.35249772292133985
2016_1218_1268,0.35401134745993806
2016_1218_1274,0.3290381979387793
2016_1218_1276,0.6290287081536644
2016_1218_1277,0.19251733522706735
2016_1218_1292,0.7744977815641124
2016_1218_1314,0.24559845672454697
2016_1218_1320,0.7195944073215196
2016_1218_1323,0.5431974295673369
2016_1218_1328,0.26994862385451696
2016_1218_1332,0.27278689543935913
2016_1218_1333,0.6774225743462455
2016_1218_1338,0.5414020126092516
2016_1218_1344,0.5635226269181798
2016_1218_1345,0.35892750484937075
2016_1218_1355,0.6162472508616867
2016_1218_1371,0.47864688057040183
2016_1218_1372,0.4560397859037506
2016_1218_1380,0.8479277441795584
2016_1218_1386,0.4589480815235108
2016_1218_1392,0.5233732607689697
2016_1218_1393,0.7243449924483406
2016_1218_1396,0.7426036488887767
2016_1218_1400,0.5899932089186398
2016_1218_1401,0.45256105469100405
2016_1218_1403,0.6008685152763465
2016_1218_1409,0.638629593207259
2016_1218_1421,0.7378303494519808
2016_1218_1423,0.641557600077309
2016_1218_1425,0.6266217815401004
2016_1218_1428,0.37894824839771885
2016_1218_1433,0.5878621221334156
2016_1218_1435,0.5891374166913608
2016_1218_1437,0.14838625758861346
2016_1218_1438,0.2809179315814203
2016_1218_1451,0.712657959285218
2016_1218_1452,0.24395232089090027
2016_1218_1453,0.7435432874965604
2016_1218_1455,0.3747484972717357
2016_1218_1458,0.5848367578445163
2016_1218_1462,0.21025597797341103
2016_1218_1463,0.5197834029791241
2016_1221_1231,0.07064239082841837
2016_1221_1233,0.2202142988791178
2016_1221_1234,0.11609001921807693
2016_1221_1235,0.09017326468717349
2016_1221_1242,0.03396259669048786
2016_1221_1246,0.06376065022561053
2016_1221_1268,0.06772369488663971
2016_1221_1274,0.06147427734409371
2016_1221_1276,0.17343670427282518
2016_1221_1277,0.029678790543712658
2016_1221_1292,0.2923132494962849
2016_1221_1314,0.03925874134362763
2016_1221_1320,0.2443256491626505
2016_1221_1323,0.13212321376217853
2016_1221_1328,0.04588222480697843
2016_1221_1332,0.045971155861508815
2016_1221_1333,0.2021409225544946
2016_1221_1338,0.13484974601562616
2016_1221_1344,0.13281669612302044
2016_1221_1345,0.0671350806978748
2016_1221_1355,0.16547981905588638
2016_1221_1371,0.10290410995389906
2016_1221_1372,0.0914138020468981
2016_1221_1380,0.395237648234128
2016_1221_1386,0.09407393871908777
2016_1221_1392,0.11941327093278922
2016_1221_1393,0.24630042315302877
2016_1221_1396,0.25629133417587896
2016_1221_1400,0.15273093572184276
2016_1221_1401,0.09240266888807246
2016_1221_1403,0.15646504618276308
2016_1221_1409,0.17324882905721228
2016_1221_1421,0.24216049242933427
2016_1221_1423,0.1719968132616463
2016_1221_1425,0.16459608242148646
2016_1221_1428,0.07340326455803019
2016_1221_1433,0.14655748007956404
2016_1221_1435,0.14797207270426022
2016_1221_1437,0.023038256347729495
2016_1221_1438,0.05263835615213275
2016_1221_1451,0.23567652699860683
2016_1221_1452,0.03717428259684585
2016_1221_1453,0.23847631777793973
2016_1221_1455,0.06901281757469171
2016_1221_1458,0.15753160275999448
2016_1221_1462,0.031287368598619754
2016_1221_1463,0.1184011588414473
2016_1231_1233,0.8044659780381979
2016_1231_1234,0.6461883459638601
2016_1231_1235,0.5794140834788946
2016_1231_1242,0.3216455335125848
2016_1231_1246,0.4831838467850303
2016_1231_1268,0.48135600374102055
2016_1231_1274,0.45408249114861
2016_1231_1276,0.7384532912602785
2016_1231_1277,0.29419064909256704
2016_1231_1292,0.8493761651263751
2016_1231_1314,0.3618229573910458
2016_1231_1320,0.8076942212461581
2016_1231_1323,0.6649208246473821
2016_1231_1328,0.38888522414172766
2016_1231_1332,0.39288619034890365
2016_1231_1333,0.7776242652857991
2016_1231_1338,0.6616478289926465
2016_1231_1344,0.6865523922389776
2016_1231_1345,0.48837727738280706
2016_1231_1355,0.7282416881183756
2016_1231_1371,0.6083394669997865
2016_1231_1372,0.5895214558968468
2016_1231_1380,0.9008098155688407
2016_1231_1386,0.5911018236800178
2016_1231_1392,0.6495212794452065
2016_1231_1393,0.8117477639037813
2016_1231_1396,0.826706956577368
2016_1231_1400,0.7059283599983809
2016_1231_1401,0.5846929622526513
2016_1231_1403,0.7157839429691494
2016_1231_1409,0.7481712800367679
2016_1231_1421,0.8251393261979302
2016_1231_1423,0.7515055472135913
2016_1231_1425,0.7390927835210054
2016_1231_1428,0.5086470943049252
2016_1231_1433,0.7062211645679811
2016_1231_1435,0.7069691778975278
2016_1231_1437,0.23294370517109056
2016_1231_1438,0.3966511219425513
2016_1231_1451,0.8030504722234062
2016_1231_1452,0.36238036990862527
2016_1231_1453,0.8310914073171575
2016_1231_1455,0.5072046690136804
2016_1231_1458,0.6985802750612607
2016_1231_1462,0.31970906828534396
2016_1231_1463,0.6460700603044477
2016_1233_1234,0.3075501499347107
2016_1233_1235,0.24949059930440776
2016_1233_1242,0.10135129780045017
2016_1233_1246,0.1834073973371748
2016_1233_1268,0.18793844611935487
2016_1233_1274,0.17178182485572824
2016_1233_1276,0.41435936150959396
2016_1233_1277,0.08946939607018395
2016_1233_1292,0.5885962713660406
2016_1233_1314,0.11782844831960634
2016_1233_1320,0.520418474718471
2016_1233_1323,0.3335956585332137
2016_1233_1328,0.13354773899859326
2016_1233_1332,0.1346659560069216
2016_1233_1333,0.46519158315611586
2016_1233_1338,0.33474930349432985
2016_1233_1344,0.3453440930069531
2016_1233_1345,0.1893717513120026
2016_1233_1355,0.40082782769094993
2016_1233_1371,0.27604713330049563
2016_1233_1372,0.25492223184117513
2016_1233_1380,0.698256801559637
2016_1233_1386,0.25872455782312825
2016_1233_1392,0.312732643753204
2016_1233_1393,0.5250726856732235
2016_1233_1396,0.5445130036149782
2016_1233_1400,0.3758013937404551
2016_1233_1401,0.25420820883564177
2016_1233_1403,0.3849985275148593
2016_1233_1409,0.4203164651796274
2016_1233_1421,0.5330668030241333
2016_1233_1423,0.42131658813997513
2016_1233_1425,0.40662493532727007
2016_1233_1428,0.20377178171325974
2016_1233_1433,0.36992850782539194
2016_1233_1435,0.3717446619690581
2016_1233_1437,0.06806808667169181
2016_1233_1438,0.14448827465035954
2016_1233_1451,0.5104061003844227
2016_1233_1452,0.1149401836492919
2016_1233_1453,0.5354549273085301
2016_1233_1455,0.19773254814645708
2016_1233_1458,0.3762771840855325
2016_1233_1462,0.09704220620472435
2016_1233_1463,0.31001640821806314
2016_1234_1235,0.42823168118626276
2016_1234_1242,0.2023953105909801
2016_1234_1246,0.33579188968495266
2016_1234_1268,0.3377257079263096
2016_1234_1274,0.31345025924336356
2016_1234_1276,0.610963785378739
2016_1234_1277,0.1816437043151543
2016_1234_1292,0.7603813756281224
2016_1234_1314,0.23234287680446686
2016_1234_1320,0.7038115508503155
2016_1234_1323,0.5245883573156372
2016_1234_1328,0.2560183379611295
2016_1234_1332,0.2586723269299816
2016_1234_1333,0.6601492256121144
2016_1234_1338,0.5230537660958021
2016_1234_1344,0.5443533375378977
2016_1234_1345,0.34228101748259754
2016_1234_1355,0.5979668387421132
2016_1234_1371,0.459942551345662
2016_1234_1372,0.4371760349772096
2016_1234_1380,0.8371885259664059
2016_1234_1386,0.44022690300150535
2016_1234_1392,0.5044214709675351
2016_1234_1393,0.7086202323249924
2016_1234_1396,0.7272199715053712
2016_1234_1400,0.5715081422111662
2016_1234_1401,0.43395537340671414
2016_1234_1403,0.5823656867358911
2016_1234_1409,0.6203862151868851
2016_1234_1421,0.7219341895164967
2016_1234_1423,0.6231961706734422
2016_1234_1425,0.608087358748613
2016_1234_1428,0.36193900927778394
2016_1234_1433,0.5690200894722698
2016_1234_1435,0.5703591069677864
2016_1234_1437,0.13988026120660815
2016_1234_1438,0.2672316891261409
2016_1234_1451,0.6965691914540122
2016_1234_1452,0.2304582150476476
2016_1234_1453,0.7275192076954721
2016_1234_1455,0.3574346201103467
2016_1234_1458,0.5667905379892532
2016_1234_1462,0.19827350557364715
2016_1234_1463,0.5008732468025019
2016_1235_1242,0.25474898580603406
2016_1235_1246,0.40353564413594756
2016_1235_1268,0.40382399051850765
2016_1235_1274,0.3776854536257272
2016_1235_1276,0.6740586105657491
2016_1235_1277,0.23064772672436754
2016_1235_1292,0.8057678442046021
2016_1235_1314,0.2897735351581138
2016_1235_1320,0.7561491696150003
2016_1235_1323,0.5925964078867019
2016_1235_1328,0.31551975998257425
2016_1235_1332,0.31881239430068825
2016_1235_1333,0.7189551289162515
2016_1235_1338,0.5901503125679253
2016_1235_1344,0.6137272191868283
2016_1235_1345,0.4095867538817069
2016_1235_1355,0.6622594202023373
2016_1235_1371,0.5306980062342967
2016_1235_1372,0.5093820027359205
2016_1235_1380,0.8700400560142784
2016_1235_1386,0.5117863620163139
2016_1235_1392,0.5744358418384268
2016_1235_1393,0.7606560102710154
2016_1235_1396,0.7776905891954712
2016_1235_1400,0.6374185160986311
2016_1235_1401,0.5053195283813108
2016_1235_1403,0.6479813930969627
2016_1235_1409,0.6838560280800432
2016_1235_1421,0.774377607553433
2016_1235_1423,0.6870168759229462
2016_1235_1425,0.6730000750860734
2016_1235_1428,0.42994255353206606
2016_1235_1433,0.6363322910097724
2016_1235_1435,0.637390992792745
2016_1235_1437,0.17983686033564247
2016_1235_1438,0.3255543830891197
2016_1235_1451,0.750179484739633
2016_1235_1452,0.28884013687159826
2016_1235_1453,0.780340461294577
2016_1235_1455,0.42673890205608034
2016_1235_1458,0.6312351339745031
2016_1235_1462,0.2513708232792224
2016_1235_1463,0.5708643124680861
2016_1242_1246,0.6645980575852216
2016_1242_1268,0.6584867869952271
2016_1242_1274,0.6329950320902383
2016_1242_1276,0.8563813437885369
2016_1242_1277,0.46817464239471057
2016_1242_1292,0.9229146195022747
2016_1242_1314,0.5463012864311324
2016_1242_1320,0.8978633530615778
2016_1242_1323,0.8058777189726798
2016_1242_1328,0.5715642871270187
2016_1242_1332,0.5766847545624042
2016_1242_1333,0.8815220450724077
2016_1242_1338,0.8018923186525296
2016_1242_1344,0.8246355952056186
2016_1242_1345,0.6671069840465709
2016_1242_1355,0.8499780086384064
2016_1242_1371,0.7664886538382617
2016_1242_1372,0.7548668694685474
2016_1242_1380,0.950965221020632
2016_1242_1386,0.7547904281831022
2016_1242_1392,0.7970683108866671
2016_1242_1393,0.9006434019083052
2016_1242_1396,0.9104309124555424
2016_1242_1400,0.8348121012805411
2016_1242_1401,0.7495043652615376
2016_1242_1403,0.8420466238435248
2016_1242_1409,0.8642512261364708
2016_1242_1421,0.9109966472954835
2016_1242_1423,0.8671759402401461
2016_1242_1425,0.8590268757216568
2016_1242_1428,0.6840026224429149
2016_1242_1433,0.8369043168982933
2016_1242_1435,0.8371079814966071
2016_1242_1437,0.3868829151388375
2016_1242_1438,0.5719336124897941
2016_1242_1451,0.8955703598689091
2016_1242_1452,0.5509722224474619
2016_1242_1453,0.9156696702651731
2016_1242_1455,0.6863872910745082
2016_1242_1458,0.8270731981984563
2016_1242_1462,0.5027474314467419
2016_1242_1463,0.7943585606600371
2016_1246_1268,0.49737789645207114
2016_1246_1274,0.4694652736848151
2016_1246_1276,0.7547618039451363
2016_1246_1277,0.3049109819016946
2016_1246_1292,0.8616747551276813
2016_1246_1314,0.3751355238634994
2016_1246_1320,0.8217660354235895
2016_1246_1323,0.6822785967028512
2016_1246_1328,0.4027543336155418
2016_1246_1332,0.40697652248476235
2016_1246_1333,0.7929089524264402
2016_1246_1338,0.6788688551266705
2016_1246_1344,0.7040502161048862
2016_1246_1345,0.5047718339354026
2016_1246_1355,0.7447940742037755
2016_1246_1371,0.6260887860965058
2016_1246_1372,0.6075038568842795
2016_1246_1380,0.9101172987454789
2016_1246_1386,0.6089573033713944
2016_1246_1392,0.6672016875138003
2016_1246_1393,0.8256911640514784
2016_1246_1396,0.8401076904071594
2016_1246_1400,0.7228548586102712
2016_1246_1401,0.6024878732226812
2016_1246_1403,0.7326043734060124
2016_1246_1409,0.7644004371186723
2016_1246_1421,0.8387308813240489
2016_1246_1423,0.7677260436169944
2016_1246_1425,0.7555983603709333
2016_1246_1428,0.5253100620935003
2016_1246_1433,0.7233268388033237
2016_1246_1435,0.72403339903925
2016_1246_1437,0.24080794424846932
2016_1246_1438,0.4100081371401952
2016_1246_1451,0.81733771159857
2016_1246_1452,0.3761044201928767
2016_1246_1453,0.8445232401960372
2016_1246_1455,0.5242127939149562
2016_1246_1458,0.7153554842805734
2016_1246_1462,0.33183675136896196
2016_1246_1463,0.6637467033471384
2016_1268_1274,0.4729106435519242
2016_1268_1276,0.7479296427201512
2016_1268_1277,0.313835482856882
2016_1268_1292,0.8537218867930778
2016_1268_1314,0.38202852181063807
2016_1268_1320,0.8136964129904952
2016_1268_1323,0.6774118263363849
2016_1268_1328,0.4087400143363506
2016_1268_1332,0.4128036962094841
2016_1268_1333,0.7854348189283309
2016_1268_1338,0.6739888002133343
2016_1268_1344,0.6988031162531323
2016_1268_1345,0.5068206821154752
2016_1268_1355,0.7382177876178497
2016_1268_1371,0.6233446205778386
2016_1268_1372,0.605593019409635
2016_1268_1380,0.9029518769626824
2016_1268_1386,0.6069321249083245
2016_1268_1392,0.6629991156164279
2016_1268_1393,0.8176564920835662
2016_1268_1396,0.8321952306888257
2016_1268_1400,0.7168066545475454
2016_1268_1401,0.600695427014
2016_1268_1403,0.7263599018147637
2016_1268_1409,0.7575559076703086
2016_1268_1421,0.8310753630595958
2016_1268_1423,0.7609129726815306
2016_1268_1425,0.7489995198219532
2016_1268_1428,0.526506337310797
2016_1268_1433,0.7174466751207257
2016_1268_1435,0.7181061301931853
2016_1268_1437,0.25105573692899313
2016_1268_1438,0.41579124833274844
2016_1268_1451,0.8093817058089895
2016_1268_1452,0.38291582744655384
2016_1268_1453,0.8370839223273452
2016_1268_1455,0.5255285348486528
2016_1268_1458,0.7092573747522051
2016_1268_1462,0.33996892939795
2016_1268_1463,0.6596468269596772
2016_1274_1276,0.7684529567288244
2016_1274_1277,0.3377556694460554
2016_1274_1292,0.8673828951250621
2016_1274_1314,0.4083769303496142
2016_1274_1320,0.8299857566959336
2016_1274_1323,0.7009666560589978
2016_1274_1328,0.4351912267680651
2016_1274_1332,0.4394843342548712
2016_1274_1333,0.8039355729879853
2016_1274_1338,0.6973410985258137
2016_1274_1344,0.7222485610951042
2016_1274_1345,0.5341022143017446
2016_1274_1355,0.7592916873515726
2016_1274_1371,0.6490553477724458
2016_1274_1372,0.632278171149034
2016_1274_1380,0.9126173170718823
2016_1274_1386,0.6333409896290721
2016_1274_1392,0.6875149005060529
2016_1274_1393,0.833766277016717
2016_1274_1396,0.8475394413100977
2016_1274_1400,0.7388369196015562
2016_1274_1401,0.6271891110176745
2016_1274_1403,0.7480768072034092
2016_1274_1409,0.7779180955465913
2016_1274_1421,0.8468439103131704
2016_1274_1423,0.7812676291133615
2016_1274_1425,0.769948802948407
2016_1274_1428,0.5535409534733832
2016_1274_1433,0.739843895493105
2016_1274_1435,0.7404103492184597
2016_1274_1437,0.271493607220743
2016_1274_1438,0.4412038717872467
2016_1274_1451,0.8260640989293005
2016_1274_1452,0.40989245432788185
2016_1274_1453,0.8527202720330112
2016_1274_1455,0.553198521694595
2016_1274_1458,0.7310579712299137
2016_1274_1462,0.36551977723885387
2016_1274_1463,0.6842350516522923
2016_1276_1277,0.12941910356291636
2016_1276_1292,0.6637432646690883
2016_1276_1314,0.16691577401829283
2016_1276_1320,0.600334549113427
2016_1276_1323,0.41606845202244186
2016_1276_1328,0.1862971992614892
2016_1276_1332,0.18794779453731633
2016_1276_1333,0.5501471618214308
2016_1276_1338,0.4161749382996802
2016_1276_1344,0.43113590051087475
2016_1276_1345,0.2549329327699123
2016_1276_1355,0.4863100645438525
2016_1276_1371,0.3550001706145092
2016_1276_1372,0.3327700557672233
2016_1276_1380,0.7588348047820132
2016_1276_1386,0.3364097873693296
2016_1276_1392,0.3952298870105332
2016_1276_1393,0.6051285615498034
2016_1276_1396,0.6244616440051275
2016_1276_1400,0.46051299065246426
2016_1276_1401,0.33115201005549855
2016_1276_1403,0.4704720450162688
2016_1276_1409,0.5072295469569741
2016_1276_1421,0.6159748591360679
2016_1276_1423,0.5090468662220569
2016_1276_1425,0.49403454844530265
2016_1276_1428,0.2716888767351471
2016_1276_1433,0.45600595203740996
2016_1276_1435,0.4576392237631245
2016_1276_1437,0.09991499124362463
2016_1276_1438,0.1981815244224735
2016_1276_1451,0.5915805026272424
2016_1276_1452,0.16401846387147526
2016_1276_1453,0.620070920930516
2016_1276_1455,0.2658690545486119
2016_1276_1458,0.45882735477878756
2016_1276_1462,0.14029283165169096
2016_1276_1463,0.39215615962416006
2016_1277_1292,0.9334079471817536
2016_1277_1314,0.5784691251526946
2016_1277_1320,0.9109877577226447
2016_1277_1323,0.8272629762771138
2016_1277_1328,0.6030172177096614
2016_1277_1332,0.6082378577401896
2016_1277_1333,0.8965208455931568
2016_1277_1338,0.8233540888582289
2016_1277_1344,0.8450342592680878
2016_1277_1345,0.6963387283911493
2016_1277_1355,0.8679035608959292
2016_1277_1371,0.7908716175773275
2016_1277_1372,0.7803592027160732
2016_1277_1380,0.9580776085467992
2016_1277_1386,0.7801088257009396
2016_1277_1392,0.8193875019194015
2016_1277_1393,0.9135197273883875
2016_1277_1396,0.9223729210438681
2016_1277_1400,0.8539945702513034
2016_1277_1401,0.7750987743486617
2016_1277_1403,0.8606977432626841
2016_1277_1409,0.8810513559892463
2016_1277_1421,0.9230416391931076
2016_1277_1423,0.8837980483553958
2016_1277_1425,0.8763828517167364
2016_1277_1428,0.7124491237642651
2016_1277_1433,0.8561490807278845
2016_1277_1435,0.8562981348632966
2016_1277_1437,0.4156114337199341
2016_1277_1438,0.6021743045399126
2016_1277_1451,0.9089874545474351
2016_1277_1452,0.58377044867453
2016_1277_1453,0.9273321625728662
2016_1277_1455,0.7152665847554479
2016_1277_1458,0.8465387841219292
2016_1277_1462,0.5354177066494861
2016_1277_1463,0.8168443243100072
2016_1292_1314,0.08915264474432019
2016_1292_1320,0.4341368659776775
2016_1292_1323,0.26462334535142434
2016_1292_1328,0.10185550446656541
2016_1292_1332,0.10251842123228144
2016_1292_1333,0.38001872659159824
2016_1292_1338,0.26665600565907027
2016_1292_1344,0.27215082774361427
2016_1292_1345,0.14552088775683317
2016_1292_1355,0.3222491512869758
2016_1292_1371,0.2152231756503102
2016_1292_1372,0.19666118308641184
2016_1292_1380,0.61462065630407
2016_1292_1386,0.2003316273733138
2016_1292_1392,0.24563207098091275
2016_1292_1393,0.4381096947822003
2016_1292_1396,0.4554236659843617
2016_1292_1400,0.30058230060070856
2016_1292_1401,0.1967943746186296
2016_1292_1403,0.3080975253868413
2016_1292_1409,0.3382246119378343
2016_1292_1421,0.4421483783043119
2016_1292_1423,0.3383117640743083
2016_1292_1425,0.32554733673813935
2016_1292_1428,0.15726027604913756
2016_1292_1433,0.29400592593266733
2016_1292_1435,0.29581009163092414
2016_1292_1437,0.05197895964806201
2016_1292_1438,0.11198499141467118
2016_1292_1451,0.42395172950537513
2016_1292_1452,0.08624593664176712
2016_1292_1453,0.4424299517368306
2016_1292_1455,0.15130661060106038
2016_1292_1458,0.30309366221337924
2016_1292_1462,0.0728286822001856
2016_1292_1463,0.24348389888044106
2016_1314_1320,0.8863131836847763
2016_1314_1323,0.7823322535010084
2016_1314_1328,0.5269093522373377
2016_1314_1332,0.5320211332991504
2016_1314_1333,0.8671430385300407
2016_1314_1338,0.7784232306117018
2016_1314_1344,0.8021602216254429
2016_1314_1345,0.6287699091806438
2016_1314_1355,0.831580732018747
2016_1314_1371,0.7376826782260916
2016_1314_1372,0.7238938892186091
2016_1314_1380,0.9459995770254124
2016_1314_1386,0.7242149786686473
2016_1314_1392,0.7717467574723125
2016_1314_1393,0.8893185612744111
2016_1314_1396,0.900010619319704
2016_1314_1400,0.8146174208714025
2016_1314_1401,0.7184503504955156
2016_1314_1403,0.8225428671621452
2016_1314_1409,0.847203137301242
2016_1314_1421,0.9001038840926783
2016_1314_1423,0.850227289984375
2016_1314_1425,0.8410976198437091
2016_1314_1428,0.6473867278104248
2016_1314_1433,0.8163269784869773
2016_1314_1435,0.8166574820016365
2016_1314_1437,0.340301131200719
2016_1314_1438,0.5293041898916198
2016_1314_1451,0.8835403453285942
2016_1314_1452,0.5035030889460083
2016_1314_1453,0.9049409733343987
2016_1314_1455,0.6489149360104015
2016_1314_1458,0.8068630980434104
2016_1314_1462,0.4540104704364667
2016_1314_1463,0.7687873870884565
2016_1320_1323,0.3256298884808087
2016_1320_1328,0.13743347056300606
2016_1320_1332,0.13838502330616523
2016_1320_1333,0.4474507653652288
2016_1320_1338,0.32709822121070525
2016_1320_1344,0.3355922689694359
2016_1320_1345,0.19067985681529706
2016_1320_1355,0.38768278254714983
2016_1320_1371,0.27173402039230893
2016_1320_1372,0.2514898978367852
2016_1320_1380,0.6700844217450869
2016_1320_1386,0.255295467456406
2016_1320_1392,0.3057651361790115
2016_1320_1393,0.5039602413158804
2016_1320_1396,0.5219645422086734
2016_1320_1400,0.3645830809564711
2016_1320_1401,0.2511478080835177
2016_1320_1403,0.37293183744720637
2016_1320_1409,0.4053585641655809
2016_1320_1421,0.5106886991425473
2016_1320_1423,0.4060451229539267
2016_1320_1425,0.3924845670845153
2016_1320_1428,0.20442464944998892
2016_1320_1433,0.35863559092009467
2016_1320_1435,0.3603978795052357
2016_1320_1437,0.073266365535011
2016_1320_1438,0.14897534599361997
2016_1320_1451,0.49015285529479874
2016_1320_1452,0.11858453558925312
2016_1320_1453,0.5125050430830751
2016_1320_1455,0.19813037136225728
2016_1320_1458,0.3657420636191751
2016_1320_1462,0.10123023955265788
2016_1320_1463,0.3032976373267404
2016_1323_1328,0.24370852343179886
2016_1323_1332,0.24606752407027568
2016_1323_1333,0.6330838623730631
2016_1323_1338,0.4985495344038787
2016_1323_1344,0.5181248832890799
2016_1323_1345,0.32495072663494295
2016_1323_1355,0.5712947742419656
2016_1323_1371,0.4368510652804303
2016_1323_1372,0.4144951315111628
2016_1323_1380,0.8160208687513466
2016_1323_1386,0.4176622215911036
2016_1323_1392,0.47968361203706994
2016_1323_1393,0.6823815803805515
2016_1323_1396,0.7011012156703955
2016_1323_1400,0.5453492155945202
2016_1323_1401,0.41172142618959434
2016_1323_1403,0.5558642184904392
2016_1323_1409,0.5931418589996347
2016_1323_1421,0.6953167642866219
2016_1323_1423,0.5957322150226398
2016_1323_1425,0.5808161737155747
2016_1323_1428,0.34370702031071204
2016_1323_1433,0.542479441583864
2016_1323_1435,0.5438603710496979
2016_1323_1437,0.13486920729160445
2016_1323_1438,0.25528395906982254
2016_1323_1451,0.6701252245608528
2016_1323_1452,0.21879989639011707
2016_1323_1453,0.700688448602338
2016_1323_1455,0.33884302085872037
2016_1323_1458,0.5413314457636776
2016_1323_1462,0.1887602107062493
2016_1323_1463,0.4762978315479788
2016_1328_1332,0.5045125940536292
2016_1328_1333,0.8464935231995837
2016_1328_1338,0.7522659417187549
2016_1328_1344,0.7766489089795211
2016_1328_1345,0.5996693541278066
2016_1328_1355,0.8081438194931205
2016_1328_1371,0.7096599378728672
2016_1328_1372,0.6951822541472396
2016_1328_1380,0.9347166195817014
2016_1328_1386,0.6956620054404972
2016_1328_1392,0.7449099983702081
2016_1328_1393,0.8708975625551909
2016_1328_1396,0.8826746773759971
2016_1328_1400,0.7901157006963497
2016_1328_1401,0.6897976835592271
2016_1328_1403,0.7984773550265126
2016_1328_1409,0.8247935137016104
2016_1328_1421,0.8826883515485334
2016_1328_1423,0.8279883066061676
2016_1328_1425,0.8181700485506938
2016_1328_1428,0.6183456060905562
2016_1328_1433,0.7917534499481449
2016_1328_1435,0.7921324499149495
2016_1328_1437,0.3220110220619867
2016_1328_1438,0.5030802101184764
2016_1328_1451,0.8645293993812491
2016_1328_1452,0.4759983573425982
2016_1328_1453,0.8879995252921676
2016_1328_1455,0.6194130437490452
2016_1328_1458,0.782163290464744
2016_1328_1462,0.4285326061601383
2016_1328_1463,0.7418512502635295
2016_1332_1333,0.84609881859649
2016_1332_1338,0.7508075186763358
2016_1332_1344,0.7752601242608714
2016_1332_1345,0.5959618023405368
2016_1332_1355,0.8073012102154803
2016_1332_1371,0.7074261715677016
2016_1332_1372,0.6926264446378492
2016_1332_1380,0.9351038710738601
2016_1332_1386,0.693167225334697
2016_1332_1392,0.7431633518651508
2016_1332_1393,0.8708539053645038
2016_1332_1396,0.8826748159521982
2016_1332_1400,0.7890591032974251
2016_1332_1401,0.6872335255303046
2016_1332_1403,0.7974956665757288
2016_1332_1409,0.8240783897256919
2016_1332_1421,0.8825912061980953
2016_1332_1423,0.8272658549230673
2016_1332_1425,0.8173417486058548
2016_1332_1428,0.6149138877472009
2016_1332_1433,0.7906188288035052
2016_1332_1435,0.7910183489654765
2016_1332_1437,0.3162678267851866
2016_1332_1438,0.4984756372521293
2016_1332_1451,0.8644146653694842
2016_1332_1452,0.47075920206124694
2016_1332_1453,0.8878678222924685
2016_1332_1455,0.6158666568788645
2016_1332_1458,0.7811464979413015
2016_1332_1462,0.42297436225148377
2016_1332_1463,0.74007237902619
2016_1333_1338,0.367134211034615
2016_1333_1344,0.3794547659077784
2016_1333_1345,0.21462932472914362
2016_1333_1355,0.43518606201580434
2016_1333_1371,0.30704044061756885
2016_1333_1372,0.2853037354052264
2016_1333_1380,0.7235585957234132
2016_1333_1386,0.28908723902629263
2016_1333_1392,0.34535256887988797
2016_1333_1393,0.5578681878516254
2016_1333_1396,0.5773539012800689
2016_1333_1400,0.4097086846621852
2016_1333_1401,0.28425670642200046
2016_1333_1403,0.4192572940012503
2016_1333_1409,0.4553491963315455
2016_1333_1421,0.5670772506814951
2016_1333_1423,0.4566766764190881
2016_1333_1425,0.44176990637964736
2016_1333_1428,0.23003874617923012
2016_1333_1433,0.40432212188004313
2016_1333_1435,0.4060802474358637
2016_1333_1437,0.07994398190375428
2016_1333_1438,0.1650304879890054
2016_1333_1451,0.5435937076975551
2016_1333_1452,0.13340779752252818
2016_1333_1453,0.5701854313556662
2016_1333_1455,0.22399635461684445
2016_1333_1458,0.40935605323985047
2016_1333_1462,0.1132365729332641
2016_1333_1463,0.3424811413728938
2016_1338_1344,0.5191642766790198
2016_1338_1345,0.32732558050543603
2016_1338_1355,0.5718405820980053
2016_1338_1371,0.4385255065301757
2016_1338_1372,0.41634306871445326
2016_1338_1380,0.8148298894932361
2016_1338_1386,0.41948331239572656
2016_1338_1392,0.4810227538597858
2016_1338_1393,0.6819587759955218
2016_1338_1396,0.7005795314430641
2016_1338_1400,0.5461143925524836
2016_1338_1401,0.41358317109690157
2016_1338_1403,0.5565487988440131
2016_1338_1409,0.593530323981978
2016_1338_1421,0.6948995111970319
2016_1338_1423,0.5961175730820948
2016_1338_1425,0.5813210694793131
2016_1338_1428,0.34598938522658756
2016_1338_1433,0.5432990863110051
2016_1338_1435,0.5446635828673451
2016_1338_1437,0.13725467320023965
2016_1338_1438,0.25792550985258084
2016_1338_1451,0.6698030817535353
2016_1338_1452,0.2213941684224788
2016_1338_1453,0.700288040520843
2016_1338_1455,0.34114661025156884
2016_1338_1458,0.5420897569261778
2016_1338_1462,0.1913190131214819
2016_1338_1463,0.4776625795865462
2016_1344_1345,0.30165242383480195
2016_1344_1355,0.5559762541449109
2016_1344_1371,0.4155642755406276
2016_1344_1372,0.39227128721797455
2016_1344_1380,0.814824243583061
2016_1344_1386,0.3956544375764159
2016_1344_1392,0.4598975414338312
2016_1344_1393,0.6738111155932085
2016_1344_1396,0.6932446958861587
2016_1344_1400,0.528776836280745
2016_1344_1401,0.3895902462429714
2016_1344_1403,0.5396857632051848
2016_1344_1409,0.5786340635007932
2016_1344_1421,0.6865230362669955
2016_1344_1423,0.5811485008789825
2016_1344_1425,0.5655120828299992
2016_1344_1428,0.32058723038285225
2016_1344_1433,0.5253786600331294
2016_1344_1435,0.526887522224527
2016_1344_1437,0.11735959658668395
2016_1344_1438,0.23265946001736365
2016_1344_1451,0.6607820858060259
2016_1344_1452,0.19684055494934066
2016_1344_1453,0.691674721247295
2016_1344_1455,0.31546735119007646
2016_1344_1458,0.5251041126085307
2016_1344_1462,0.16804711442807077
2016_1344_1463,0.456411334664942
2016_1345_1355,0.7379285804813108
2016_1345_1371,0.6195887906539129
2016_1345_1372,0.6010955117261209
2016_1345_1380,0.9055845239204414
2016_1345_1386,0.6025675739712125
2016_1345_1392,0.6604321530726729
2016_1345_1393,0.8194150422245452
2016_1345_1396,0.8340424347331804
2016_1345_1400,0.7159677473799896
2016_1345_1401,0.5961651007781985
2016_1345_1403,0.7257150911341788
2016_1345_1409,0.7575938292547036
2016_1345_1421,0.8326561454965146
2016_1345_1423,0.7609304985392872
2016_1345_1425,0.7487484844077943
2016_1345_1428,0.5199695641489313
2016_1345_1433,0.7164162937420584
2016_1345_1435,0.7171268919801996
2016_1345_1437,0.2402462622210079
2016_1345_1438,0.4067078864076129
2016_1345_1451,0.8109610373988373
2016_1345_1452,0.37288390102275687
2016_1345_1453,0.8385491407361575
2016_1345_1455,0.5187814573500895
2016_1345_1458,0.7085046275132895
2016_1345_1462,0.32941766889590735
2016_1345_1463,0.6569987489051001
2016_1355_1371,0.3656030618558583
2016_1355_1372,0.3430413163273518
2016_1355_1380,0.7715940557880335
2016_1355_1386,0.3466486082081622
2016_1355_1392,0.40690588055210336
2016_1355_1393,0.6193520179144656
2016_1355_1396,0.6388719172890474
2016_1355_1400,0.47340036104517264
2016_1355_1401,0.34120360008119344
2016_1355_1403,0.483632316033012
2016_1355_1409,0.5211438241688504
2016_1355_1421,0.6306725158501659
2016_1355_1423,0.5231182604483618
2016_1355_1425,0.5078501848765352
2016_1355_1428,0.27961394723580657
2016_1355_1433,0.46908073879646556
2016_1355_1435,0.4707020467105385
2016_1355_1437,0.10195125809969038
2016_1355_1438,0.20317572664360808
2016_1355_1451,0.6057909513999571
2016_1355_1452,0.16876018403843998
2016_1355_1453,0.6350206030254976
2016_1355_1455,0.2739186175890784
2016_1355_1458,0.4713001499598067
2016_1355_1462,0.14412408011951391
2016_1355_1463,0.4037287057917374
2016_1371_1372,0.47759635333618583
2016_1371_1380,0.856678704845617
2016_1371_1386,0.4803047580726935
2016_1371_1392,0.5440242897736214
2016_1371_1393,0.7389280251176337
2016_1371_1396,0.7566990161409851
2016_1371_1400,0.6091597599589976
2016_1371_1401,0.4738841915695648
2016_1371_1403,0.6199100217598849
2016_1371_1409,0.6569073355430697
2016_1371_1421,0.7525529523170152
2016_1371_1423,0.6599377260581842
2016_1371_1425,0.6453746644450163
2016_1371_1428,0.39954689453865805
2016_1371_1433,0.6074636600495565
2016_1371_1435,0.6086492748798156
2016_1371_1437,0.16105817559734179
2016_1371_1438,0.29896798473966596
2016_1371_1451,0.7277418640975567
2016_1371_1452,0.26197426100269333
2016_1371_1453,0.758393580186383
2016_1371_1455,0.3957282246719338
2016_1371_1458,0.6035734808993933
2016_1371_1462,0.22675338229894496
2016_1371_1463,0.5404413626829954
2016_1372_1380,0.8695405084818033
2016_1372_1386,0.5022327053427937
2016_1372_1392,0.5662549372311091
2016_1372_1393,0.7575528849103367
2016_1372_1396,0.7748633233448441
2016_1372_1400,0.6308949713635567
2016_1372_1401,0.4956721539123094
2016_1372_1403,0.6416534410954302
2016_1372_1409,0.6783131087820751
2016_1372_1421,0.7712027765588118
2016_1372_1423,0.6814491477948511
2016_1372_1425,0.6671013093766703
2016_1372_1428,0.41935773100421353
2016_1372_1433,0.6295705756051838
2016_1372_1435,0.6306888590126175
2016_1372_1437,0.1703711699765002
2016_1372_1438,0.31455908046624276
2016_1372_1451,0.7467769008091532
2016_1372_1452,0.27756586289964286
2016_1372_1453,0.7770925036986107
2016_1372_1455,0.4159373425008584
2016_1372_1458,0.6248546550651864
2016_1372_1462,0.24047890936912503
2016_1372_1463,0.5626236840879821
2016_1380_1386,0.13415353920176165
2016_1380_1392,0.16831794408691228
2016_1380_1393,0.3290729853170587
2016_1380_1396,0.3428988502624506
2016_1380_1400,0.2118715164803896
2016_1380_1401,0.13171009206548595
2016_1380_1403,0.2173166074644846
2016_1380_1409,0.24043244681645076
2016_1380_1421,0.3282868641701116
2016_1380_1423,0.2396461643110283
2016_1380_1425,0.22964062240709152
2016_1380_1428,0.10432113762628613
2016_1380_1433,0.205186530544737
2016_1380_1435,0.20683622929228718
2016_1380_1437,0.0329150399642024
2016_1380_1438,0.07396511687450504
2016_1380_1451,0.3162872640008056
2016_1380_1452,0.05433139796971179
2016_1380_1453,0.3261070341516403
2016_1380_1455,0.09915720333548858
2016_1380_1458,0.21602061352812102
2016_1380_1462,0.045668450518783675
2016_1380_1463,0.1668195948122275
2016_1386_1392,0.5629468472223698
2016_1386_1393,0.7529262154053108
2016_1386_1396,0.7702572471544882
2016_1386_1400,0.6269362741711481
2016_1386_1401,0.49322331253231416
2016_1386_1403,0.6375975354437545
2016_1386_1409,0.673986510603937
2016_1386_1421,0.7666179558058712
2016_1386_1423,0.6771029259014327
2016_1386_1425,0.6628456049791843
2016_1386_1428,0.418015100324498
2016_1386_1433,0.6256106256905295
2016_1386_1435,0.6267211988360555
2016_1386_1437,0.17193537420229382
2016_1386_1438,0.3148144129938912
2016_1386_1451,0.7421642147921451
2016_1386_1452,0.2779237099521467
2016_1386_1453,0.7725360451283467
2016_1386_1455,0.4145646517005734
2016_1386_1458,0.6209695370831138
2016_1386_1462,0.2412647540687213
2016_1386_1463,0.5593604093955402
2016_1392_1393,0.7036040277893775
2016_1392_1396,0.7222361456223119
2016_1392_1400,0.5664994986255709
2016_1392_1401,0.42972342925897455
2016_1392_1403,0.5772925286289768
2016_1392_1409,0.6151752079451105
2016_1392_1421,0.7168618105068869
2016_1392_1423,0.6179458818980516
2016_1392_1425,0.6028719620563645
2016_1392_1428,0.3584967064051398
2016_1392_1433,0.5639423292321549
2016_1392_1435,0.5652887286940073
2016_1392_1437,0.13903145994977206
2016_1392_1438,0.26503232812649286
2016_1392_1451,0.6915119423847582
2016_1392_1452,0.22831485201900148
2016_1392_1453,0.7224148209178999
2016_1392_1455,0.3539238829401389
2016_1392_1458,0.5619107407806997
2016_1392_1462,0.1965494762812286
2016_1392_1463,0.4961774158709335
2016_1393_1396,0.5181856991152886
2016_1393_1400,0.35644854244347884
2016_1393_1401,0.24151101765253638
2016_1393_1403,0.3649788427070976
2016_1393_1409,0.39815619141136255
2016_1393_1421,0.5064300142022602
2016_1393_1423,0.3988449330535211
2016_1393_1425,0.38496411890973586
2016_1393_1428,0.19473779742314754
2016_1393_1433,0.3503786145234646
2016_1393_1435,0.3521765348683301
2016_1393_1437,0.06691578221498584
2016_1393_1438,0.1398160818300143
2016_1393_1451,0.48544230884130357
2016_1393_1452,0.11059164259321648
2016_1393_1453,0.5081872046300091
2016_1393_1455,0.1885774629121218
2016_1393_1458,0.3576283862026558
2016_1393_1462,0.09381690671133736
2016_1393_1463,0.29409940000442525
2016_1396_1400,0.33743361235205643
2016_1396_1401,0.22473647142498984
2016_1396_1403,0.3457831990874787
2016_1396_1409,0.37853804310771255
2016_1396_1421,0.4872791815584373
2016_1396_1423,0.379063765808413
2016_1396_1425,0.3653099769634723
2016_1396_1428,0.17994685983568814
2016_1396_1433,0.3311526620226038
2016_1396_1435,0.3329727300228574
2016_1396_1437,0.05998361561908708
2016_1396_1438,0.12798709050896287
2016_1396_1451,0.46676751542583467
2016_1396_1452,0.10023111844184167
2016_1396_1453,0.4886221864577095
2016_1396_1455,0.17389120491668597
2016_1396_1458,0.3389962904120926
2016_1396_1462,0.08467093730866213
2016_1396_1463,0.27594491459411546
2016_1400_1401,0.3668134680093768
2016_1400_1403,0.5100370028574888
2016_1400_1409,0.5474988927216141
2016_1400_1421,0.654404135800369
2016_1400_1423,0.5497055310389206
2016_1400_1425,0.5345493177461655
2016_1400_1428,0.3028628981072188
2016_1400_1433,0.49589666697473983
2016_1400_1435,0.4974323549167532
2016_1400_1437,0.11386924196933323
2016_1400_1438,0.2221246126145678
2016_1400_1451,0.6293434777457527
2016_1400_1452,0.18672393847976804
2016_1400_1453,0.6591693022642946
2016_1400_1455,0.29740992230391083
2016_1400_1458,0.4968957969161573
2016_1400_1462,0.16014605644650154
2016_1400_1463,0.4301735177671567
2016_1401_1403,0.6442641660996808
2016_1401_1409,0.6805900008980179
2016_1401_1421,0.7724787756530771
2016_1401_1423,0.6837360751085
2016_1401_1425,0.6695287147310602
2016_1401_1428,0.42377892410092666
2016_1401_1433,0.6323645846939993
2016_1401_1435,0.6334577874839527
2016_1401_1437,0.17432077404426935
2016_1401_1438,0.319159539223781
2016_1401_1451,0.7481492155635278
2016_1401_1452,0.28227346132793096
2016_1401_1453,0.7783993562928945
2016_1401_1455,0.4204475544319964
2016_1401_1458,0.6274902161711832
2016_1401_1462,0.24502537161525492
2016_1401_1463,0.5660467489371934
2016_1403_1409,0.5373243051044413
2016_1403_1421,0.6456479928139963
2016_1403_1423,0.5394470458499421
2016_1403_1425,0.5241870034339482
2016_1403_1428,0.29300083460102255
2016_1403_1433,0.48533258049069367
2016_1403_1435,0.4869082927567199
2016_1403_1437,0.10836615718644906
2016_1403_1438,0.2137792857656838
2016_1403_1451,0.620587029067233
2016_1403_1452,0.17878453589679832
2016_1403_1453,0.650256940960398
2016_1403_1455,0.28744652173821156
2016_1403_1458,0.4868171456842022
2016_1403_1462,0.15297658151196292
2016_1403_1463,0.41949077759716
2016_1409_1421,0.6111841341248176
2016_1409_1423,0.5014759178716066
2016_1409_1425,0.4861479171271205
2016_1409_1428,0.2611672049725347
2016_1409_1433,0.44736408383803955
2016_1409_1435,0.44904937728165245
2016_1409_1437,0.09271206471705733
2016_1409_1438,0.18822404888832206
2016_1409_1451,0.5865033304852205
2016_1409_1452,0.1547930299297456
2016_1409_1453,0.6151669412309417
2016_1409_1455,0.2553330365423696
2016_1409_1458,0.4505398094910212
2016_1409_1462,0.13170612662880626
2016_1409_1463,0.3824540350461371
2016_1421_1423,0.38768036146380225
2016_1421_1425,0.37333005325115437
2016_1421_1428,0.1804102569686312
2016_1421_1433,0.3376839016337662
2016_1421_1435,0.33953137542058176
2016_1421_1437,0.058097590988553445
2016_1421_1438,0.1265630623877513
2016_1421_1451,0.4780040843303109
2016_1421_1452,0.0991564748223864
2016_1421_1453,0.501365987277204
2016_1421_1455,0.17447371152494442
2016_1421_1458,0.3451232550375662
2016_1421_1462,0.083308996484863
2016_1421_1463,0.28012038060006
2016_1423_1425,0.484076470956262
2016_1423_1428,0.25585718434281046
2016_1423_1433,0.44457585225491075
2016_1423_1435,0.4462941790987909
2016_1423_1437,0.08841677345830534
2016_1423_1438,0.18265776292756258
2016_1423_1451,0.5865101361994741
2016_1423_1452,0.14969383202951192
2016_1423_1453,0.6154998795627267
2016_1423_1455,0.2500475198872752
2016_1423_1458,0.44784339494870057
2016_1423_1462,0.12684915190366436
2016_1423_1463,0.3785571285129746
2016_1425_1428,0.26806573449036625
2016_1425_1433,0.46001154754429874
2016_1425_1435,0.46169275265406085
2016_1425_1437,0.0939127232666763
2016_1425_1438,0.19213911117448643
2016_1425_1451,0.6008441347335841
2016_1425_1452,0.15848885403113536
2016_1425_1453,0.6303071396709828
2016_1425_1455,0.2623440640727917
2016_1425_1458,0.46261446454265376
2016_1425_1462,0.13454551485370853
2016_1425_1463,0.39334830698088086
2016_1428_1433,0.6960740696784777
2016_1428_1435,0.6968407268677546
2016_1428_1437,0.2296737210653277
2016_1428_1438,0.39000577769582784
2016_1428_1451,0.7941236712039256
2016_1428_1452,0.3556261713850674
2016_1428_1453,0.8226263222056045
2016_1428_1455,0.4980670079646438
2016_1428_1458,0.6886305253229471
2016_1428_1462,0.3139490466036523
2016_1428_1463,0.6358798858609775
2016_1433_1435,0.5012578179759072
2016_1433_1437,0.10987197334511702
2016_1433_1438,0.21859416925800915
2016_1433_1451,0.6362638612702889
2016_1433_1452,0.18339200956146878
2016_1433_1453,0.6665915743967009
2016_1433_1455,0.2959017626038514
2016_1433_1458,0.5005403782614115
2016_1433_1462,0.15653881537949413
2016_1433_1463,0.4321099777718262
2016_1435_1437,0.11152587857785103
2016_1435_1438,0.22006982198330607
2016_1435_1451,0.6334173225576407
2016_1435_1452,0.18478513221739112
2016_1435_1453,0.6635416412670139
2016_1435_1455,0.29654733421574603
2016_1435_1458,0.49904819864065164
2016_1435_1462,0.1580419717518165
2016_1435_1463,0.4313282303137258
2016_1437_1438,0.6721703914981397
2016_1437_1451,0.9279779597576867
2016_1437_1452,0.6621091272148271
2016_1437_1453,0.9437300389952115
2016_1437_1455,0.7736452671478625
2016_1437_1458,0.8779340411824327
2016_1437_1462,0.6180052189049092
2016_1437_1463,0.8558321520332348
2016_1438_1451,0.8505754986126643
2016_1438_1452,0.47373911074571845
2016_1438_1453,0.8754811427905241
2016_1438_1455,0.6100840164638879
2016_1438_1458,0.7675016238254327
2016_1438_1462,0.4287520223834594
2016_1438_1463,0.7282178255719535
2016_1451_1452,0.11895612080741506
2016_1451_1453,0.5231160809303141
2016_1451_1455,0.20022870155333528
2016_1451_1458,0.3720111195705116
2016_1451_1462,0.10122864569288519
2016_1451_1463,0.30825647673090306
2016_1452_1453,0.9078869975961307
2016_1452_1455,0.6486847116681538
2016_1452_1458,0.8099861218804396
2016_1452_1462,0.44913656008444147
2016_1452_1463,0.7711023128583955
2016_1453_1455,0.16868313155966713
2016_1453_1458,0.34037469807593806
2016_1453_1462,0.0789693066544401
2016_1453_1463,0.2746038742127272
2016_1455_1458,0.6955297696662196
2016_1455_1462,0.31034577463152224
2016_1455_1463,0.6414662338747208
2016_1458_1462,0.16671556536182
2016_1458_1463,0.4345245506295827
2016_1462_1463,0.8010957313872604
